{
  "CustomLocations": [
    {
      "Name": "YeZongHuiHouMen",
      "Pitch": -0.000000,
      "Roll": 0.000000,
      "X": -1231.653809,
      "Y": -689.700684,
      "Yaw": -0.907571,
      "Z": 22.445114
    }
  ]
}